Season,games,wins,favorite_win_pct
2024,249,165,0.6626506024096386
2025,216,97,0.44907407407407407
