Season,bets,wins,hit_rate,roi
2024,285,193,0.6771929824561403,0.030930964077538748
2025,249,108,0.43373493975903615,-0.35118390037549
